<?xml version="1.0" encoding="UTF-8"?>
<GenRun Id="synth_1" LaunchPart="xc7a100tcsg324-1" LaunchTime="1735753320">
  <File Type="REPORTS-TCL" Name="top_RV32_reports.tcl"/>
  <File Type="PA-TCL" Name="top_RV32.tcl"/>
  <File Type="RDS-DCP" Name="top_RV32.dcp"/>
  <File Type="RDS-RDS" Name="top_RV32.vds"/>
  <File Type="RDS-UTIL-PB" Name="top_RV32_utilization_synth.pb"/>
  <File Type="RDS-UTIL" Name="top_RV32_utilization_synth.rpt"/>
  <FileSet Name="sources" Type="DesignSrcs" RelSrcDir="$PSRCDIR/sources_1">
    <Filter Type="Srcs"/>
    <File Path="$PSRCDIR/sources_1/imports/src/ALU.sv">
      <FileInfo>
        <Attr Name="ImportPath" Val="$PPRDIR/../../MCA_lab9/RISC-V_Single_Cycle/src/ALU.sv"/>
        <Attr Name="ImportTime" Val="1735554722"/>
        <Attr Name="UsedIn" Val="synthesis"/>
        <Attr Name="UsedIn" Val="implementation"/>
        <Attr Name="UsedIn" Val="simulation"/>
      </FileInfo>
    </File>
    <File Path="$PSRCDIR/sources_1/imports/src/ALU_control.sv">
      <FileInfo>
        <Attr Name="ImportPath" Val="$PPRDIR/../../MCA_lab9/RISC-V_Single_Cycle/src/ALU_control.sv"/>
        <Attr Name="ImportTime" Val="1735554709"/>
        <Attr Name="UsedIn" Val="synthesis"/>
        <Attr Name="UsedIn" Val="implementation"/>
        <Attr Name="UsedIn" Val="simulation"/>
      </FileInfo>
    </File>
    <File Path="$PSRCDIR/sources_1/imports/src/Data_Memory.sv">
      <FileInfo>
        <Attr Name="ImportPath" Val="$PPRDIR/../../MCA_lab9/RISC-V_Single_Cycle/src/Data_Memory.sv"/>
        <Attr Name="ImportTime" Val="1735554829"/>
        <Attr Name="UsedIn" Val="synthesis"/>
        <Attr Name="UsedIn" Val="implementation"/>
        <Attr Name="UsedIn" Val="simulation"/>
      </FileInfo>
    </File>
    <File Path="$PSRCDIR/sources_1/imports/src/PC.sv">
      <FileInfo>
        <Attr Name="ImportPath" Val="$PPRDIR/../../MCA_lab9/RISC-V_Single_Cycle/src/PC.sv"/>
        <Attr Name="ImportTime" Val="1735554996"/>
        <Attr Name="UsedIn" Val="synthesis"/>
        <Attr Name="UsedIn" Val="implementation"/>
        <Attr Name="UsedIn" Val="simulation"/>
      </FileInfo>
    </File>
    <File Path="$PSRCDIR/sources_1/imports/src/PC_logic.sv">
      <FileInfo>
        <Attr Name="ImportPath" Val="$PPRDIR/../../MCA_lab9/RISC-V_Single_Cycle/src/PC_logic.sv"/>
        <Attr Name="ImportTime" Val="1735554986"/>
        <Attr Name="UsedIn" Val="synthesis"/>
        <Attr Name="UsedIn" Val="implementation"/>
        <Attr Name="UsedIn" Val="simulation"/>
      </FileInfo>
    </File>
    <File Path="$PSRCDIR/sources_1/imports/src/branch_control.sv">
      <FileInfo>
        <Attr Name="ImportPath" Val="$PPRDIR/../../MCA_lab9/RISC-V_Single_Cycle/src/branch_control.sv"/>
        <Attr Name="ImportTime" Val="1735554750"/>
        <Attr Name="UsedIn" Val="synthesis"/>
        <Attr Name="UsedIn" Val="implementation"/>
        <Attr Name="UsedIn" Val="simulation"/>
      </FileInfo>
    </File>
    <File Path="$PSRCDIR/sources_1/imports/src/control.sv">
      <FileInfo>
        <Attr Name="ImportPath" Val="$PPRDIR/../../MCA_lab9/RISC-V_Single_Cycle/src/control.sv"/>
        <Attr Name="ImportTime" Val="1735554776"/>
        <Attr Name="UsedIn" Val="synthesis"/>
        <Attr Name="UsedIn" Val="implementation"/>
        <Attr Name="UsedIn" Val="simulation"/>
      </FileInfo>
    </File>
    <File Path="$PSRCDIR/sources_1/imports/src/forwarding_unit.sv">
      <FileInfo>
        <Attr Name="UsedIn" Val="synthesis"/>
        <Attr Name="UsedIn" Val="implementation"/>
        <Attr Name="UsedIn" Val="simulation"/>
      </FileInfo>
    </File>
    <File Path="$PSRCDIR/sources_1/imports/src/imm_gen.sv">
      <FileInfo>
        <Attr Name="ImportPath" Val="$PPRDIR/../../MCA_lab9/RISC-V_Single_Cycle/src/imm_gen.sv"/>
        <Attr Name="ImportTime" Val="1735554852"/>
        <Attr Name="UsedIn" Val="synthesis"/>
        <Attr Name="UsedIn" Val="implementation"/>
        <Attr Name="UsedIn" Val="simulation"/>
      </FileInfo>
    </File>
    <File Path="$PSRCDIR/sources_1/imports/src/instruction_memory.sv">
      <FileInfo>
        <Attr Name="ImportPath" Val="$PPRDIR/../../MCA_lab9/RISC-V_Single_Cycle/src/instruction_memory.sv"/>
        <Attr Name="ImportTime" Val="1735554894"/>
        <Attr Name="UsedIn" Val="synthesis"/>
        <Attr Name="UsedIn" Val="implementation"/>
        <Attr Name="UsedIn" Val="simulation"/>
      </FileInfo>
    </File>
    <File Path="$PSRCDIR/sources_1/new/n_bit_regs.sv">
      <FileInfo>
        <Attr Name="UsedIn" Val="synthesis"/>
        <Attr Name="UsedIn" Val="implementation"/>
        <Attr Name="UsedIn" Val="simulation"/>
      </FileInfo>
    </File>
    <File Path="$PSRCDIR/sources_1/imports/src/register_file.sv">
      <FileInfo>
        <Attr Name="ImportPath" Val="$PPRDIR/../../MCA_lab9/RISC-V_Single_Cycle/src/register_file.sv"/>
        <Attr Name="ImportTime" Val="1735555017"/>
        <Attr Name="UsedIn" Val="synthesis"/>
        <Attr Name="UsedIn" Val="implementation"/>
        <Attr Name="UsedIn" Val="simulation"/>
      </FileInfo>
    </File>
    <File Path="$PSRCDIR/sources_1/imports/src/wdata_logic.sv">
      <FileInfo>
        <Attr Name="ImportPath" Val="$PPRDIR/../../MCA_lab9/RISC-V_Single_Cycle/src/wdata_logic.sv"/>
        <Attr Name="ImportTime" Val="1735554367"/>
        <Attr Name="UsedIn" Val="synthesis"/>
        <Attr Name="UsedIn" Val="implementation"/>
        <Attr Name="UsedIn" Val="simulation"/>
      </FileInfo>
    </File>
    <File Path="$PSRCDIR/sources_1/imports/src/width_alignment.sv">
      <FileInfo>
        <Attr Name="ImportPath" Val="$PPRDIR/../../MCA_lab9/RISC-V_Single_Cycle/src/width_alignment.sv"/>
        <Attr Name="ImportTime" Val="1735471484"/>
        <Attr Name="UsedIn" Val="synthesis"/>
        <Attr Name="UsedIn" Val="implementation"/>
        <Attr Name="UsedIn" Val="simulation"/>
      </FileInfo>
    </File>
    <File Path="$PSRCDIR/sources_1/imports/src/top_RV32.sv">
      <FileInfo>
        <Attr Name="ImportPath" Val="$PPRDIR/../../MCA_lab9/RISC-V_Single_Cycle/src/top_RV32.sv"/>
        <Attr Name="ImportTime" Val="1735555562"/>
        <Attr Name="UsedIn" Val="synthesis"/>
        <Attr Name="UsedIn" Val="implementation"/>
        <Attr Name="UsedIn" Val="simulation"/>
      </FileInfo>
    </File>
    <Config>
      <Option Name="DesignMode" Val="RTL"/>
      <Option Name="TopModule" Val="top_RV32"/>
      <Option Name="TopAutoSet" Val="TRUE"/>
    </Config>
  </FileSet>
  <FileSet Name="constrs_in" Type="Constrs" RelSrcDir="$PSRCDIR/constrs_1">
    <Filter Type="Constrs"/>
    <Config>
      <Option Name="ConstrsType" Val="XDC"/>
    </Config>
  </FileSet>
  <FileSet Name="utils" Type="Utils" RelSrcDir="$PSRCDIR/utils_1">
    <Filter Type="Utils"/>
    <Config>
      <Option Name="TopAutoSet" Val="TRUE"/>
    </Config>
  </FileSet>
  <Strategy Version="1" Minor="2">
    <StratHandle Name="Vivado Synthesis Defaults" Flow="Vivado Synthesis 2019"/>
    <Step Id="synth_design"/>
  </Strategy>
</GenRun>
